序号,所属专业,作业类别,作业内容,风险等级,风险值,管控级别,关键环节
1,网络安全厂站,网络安全作业,500kV及以上厂站漏扫、渗透,低风险,30,车间级管控,
2,网络安全厂站,网络安全作业,220kV及以上厂站漏扫、渗透,可接受的风险,10,班组级管控,
3,网络安全厂站,网络安全作业,使用移动介质交换数据,可接受的风险,6,班组级管控,
4,网络安全厂站,网络安全态势感知系统,500kV及以上厂站态势感知采集装置接入调试,低风险,30,车间级管控,
5,网络安全厂站,网络安全态势感知系统,220kV及以下厂站态势感知采集装置接入调试,可接受的风险,6,班组级管控,
6,网络安全厂站,网络安全态势感知系统,500kV及以上厂站态势感知主机加固,低风险,30,车间级管控,
7,网络安全厂站,网络安全态势感知系统,220kV及以下厂站态势感知主机加固,可接受的风险,6,班组级管控,
8,网络安全厂站,网络安全态势感知系统,500kV及以上厂站态势感知主站系统升级,低风险,30,车间级管控,
9,网络安全厂站,网络安全态势感知系统,220kV及以下厂站态势感知主站系统升级,可接受的风险,15,班组级管控,
10,网络安全厂站,网络安全交换设备,500kV及以上厂站二次安防交换机新增网络接线或设备,低风险,30,车间级管控,
11,网络安全厂站,网络安全交换设备,220kV及以下厂站二次安防交换机新增网络接线或设备,可接受的风险,6,班组级管控,
12,网络安全厂站,网络安全交换设备,500kV及以上厂站二次安防交换机配置更改、加固,低风险,30,车间级管控,
13,网络安全厂站,网络安全交换设备,220kV及以下厂站二次安防交换机配置更改、加固,可接受的风险,6,班组级管控,
14,网络安全厂站,网络安全交换设备,500kV及以上厂站二次安防交换机巡检、备份,可接受的风险,6,班组级管控,
15,网络安全厂站,网络安全交换设备,220kV及以下厂站二次安防交换机巡检、备份,可接受的风险,6,班组级管控,
16,网络安全厂站,网络安全交换设备,500kV及以上厂站二次安防交换机升级系统版本,低风险,30,车间级管控,
17,网络安全厂站,网络安全交换设备,220kV及以下厂站二次安防交换机升级系统版本,可接受的风险,15,班组级管控,
18,网络安全厂站,边界防护设备,500kV及以上厂站边界安防设备新增网络接线或设备,低风险,30,车间级管控,
19,网络安全厂站,边界防护设备,220kV及以下厂站边界安防设备新增网络接线或设备,可接受的风险,6,班组级管控,
20,网络安全厂站,边界防护设备,500kV及以上厂站边界安防设备维护,低风险,30,车间级管控,
21,网络安全厂站,边界防护设备,220kV及以下厂站边界安防设备维护,可接受的风险,6,班组级管控,
22,网络安全厂站,边界防护设备,500kV及以上厂站边界安防设备巡检、备份,可接受的风险,6,班组级管控,
23,网络安全厂站,边界防护设备,220kV及以上厂站边界安防设备巡检、备份,可接受的风险,6,班组级管控,
24,网络安全厂站,边界防护设备,500kV及以上厂站边界安防设备升级系统版本,低风险,30,车间级管控,
25,网络安全厂站,边界防护设备,220kV及以上厂站边界安防设备升级系统版本,可接受的风险,15,班组级管控,
26,网络安全厂站,主机安全防护设备,500kV及以上厂站主机防护设备配置更改、加固,低风险,30,车间级管控,
27,网络安全厂站,主机安全防护设备,220kV及以下厂站主机防护设备配置更改、加固,可接受的风险,6,班组级管控,
28,网络安全厂站,主机安全防护设备,500kV及以上厂站主机防护设备新增网络接线或设备,低风险,30,车间级管控,
29,网络安全厂站,主机安全防护设备,220kV及以下厂站主机防护设备新增网络接线或设备,可接受的风险,6,班组级管控,
30,网络安全厂站,主机安全防护设备,500kV及以上厂站主机防护设备巡检、备份,可接受的风险,6,班组级管控,
31,网络安全厂站,主机安全防护设备,220kV及以下厂站主机防护设备巡检、备份,可接受的风险,6,班组级管控,
32,网络安全厂站,主机安全防护设备,500kV及以上厂站主机防护设备升级系统版本,低风险,30,车间级管控,
33,网络安全厂站,主机安全防护设备,220kV及以下厂站主机防护设备升级系统版本,可接受的风险,15,班组级管控,
34,继电保护,改造/验收,500kV母线保护改扩建及验收,中风险,100,厂级管控,"1、涉及在运行屏柜的跳合闸、失灵启动、联跳、远跳回路拆接线
2、涉及与对侧运行保护/安自通道的隔离
3、在运行屏柜投退压板
4、涉及运行设备电流、电压的回路作业
5、其他在运行屏柜可能导致保护不正确动作，误跳运行设备的作业"
35,继电保护,改造/验收,500kV发变组保护改扩建及验收,中风险,100,厂级管控,1、涉及运行间隔出口压板、回路隔离；2、断路器失灵联跳回路拆接线；3、电流、电压回路隔离作业。
36,继电保护,改造/验收,500kV线路并联电抗器、T区、短引线、断路器、站用变、串补、直流控制保护改扩建及验收,中风险,100,厂级管控,1、远跳或失灵联跳回路的拆接线作业；2、涉及运行间隔出口压板、回路隔离；3、电流、电压回路隔离作业。
37,继电保护,改造/验收,500kV高抗保护改扩建及验收,中风险,100,厂级管控,1、电流、电压回路隔离作业；2、远跳回路拆接线；
38,继电保护,改造/验收,220kV发变组保护改扩建及验收,中风险,100,厂级管控,1、涉及运行间隔出口压板、回路隔离；2、运行间隔电流回路短接等作业；3、电流、电压回路隔离作业。
39,继电保护,改造/验收,220kV主变保护改扩建及验收,中风险,100,厂级管控,1、涉及运行间隔出口压板、回路隔离；2、失灵联跳回路拆接线；3、电流、电压回路隔离作业。
40,继电保护,改造/验收,220kV母线保护改扩建及验收,中风险,100,厂级管控,1、跳闸回路、断路器失灵联跳回路拆接线；2、涉及运行间隔出口压板、回路隔离；3、电流、电压回路隔离作业。
41,继电保护,改造/验收,220kV线路、T区、短引线保护改扩建及验收,中风险,100,厂级管控,1、远跳或失灵联跳回路的隔离；2、电流、电压回路隔离作业。
42,继电保护,改造/验收,220kV母联操作箱更换及验收,中风险,100,厂级管控,失灵联跳回路拆接线
43,继电保护,改造/验收,过程层交换机改扩建验收、缺陷处理、隐患整改,中风险,100,厂级管控,1、交换机断电重启；2、交换机配置文件下装；3、光纤插拔
44,继电保护,改造/验收,220kV及以上电压等级故障录波装置改扩建及验收,中风险,70,厂级管控,电流、电压回路隔离作业。
45,继电保护,改造/验收,220kV及以上电压等级行波测距装置改扩建及验收,中风险,70,厂级管控,电流回路隔离作业。
46,继电保护,改造/验收,220kV及以上间隔端子箱改造及验收（涉及CT升流作业）,低风险,50,车间级管控,CT升流作业
47,继电保护,改造/验收,220kV及以上电压等级电压并列装置维护、改造及验收,低风险,50,车间级管控,电压回路隔离作业
48,继电保护,改造/验收,110kV母线保护改扩建及验收,低风险,50,车间级管控,1、失灵启动、跳闸回路隔离；2、电流、电压回路隔离作业
49,继电保护,改造/验收,110kV主变保护改扩建及验收,低风险,50,车间级管控,1、失灵启动、联跳回路隔离；2、电流、电压回路隔离作业；3、CT升流作业
50,继电保护,改造/验收,110kV线路保护改扩建及验收,低风险,50,车间级管控,1、失灵启动、远跳回路隔离；2、电流、电压回路隔离作业；3、CT升流作业
51,继电保护,改造/验收,110kV母联（分段）保护改扩建及验收,低风险,50,车间级管控,1、失灵启动、远跳回路隔离；2、电流、电压回路隔离作业；3、CT升流作业
52,继电保护,改造/验收,110kV及以下电压等级故障录波装置改扩建及验收,低风险,50,车间级管控,电流、电压回路隔离作业
53,继电保护,改造/验收,110kV行波测距装置改扩建及验收,低风险,50,车间级管控,电流、电压回路隔离作业
54,继电保护,改造/验收,110kV及以下间隔端子箱改造及验收,可接受的风险,15,班组级管控,CT升流作业
55,继电保护,改造/验收,110kV及以下电压等级电压并列装置维护、改造及验收,可接受的风险,15,班组级管控,电压回路隔离作业
56,继电保护,改造/验收,更换一次设备后的二次回路验收,可接受的风险,5,班组级管控,/
57,继电保护,定检,500kV线路保护定检,低风险,50,车间级管控,1、收发信回路隔离；2、远跳回路隔离；3、失灵启动回路隔离；4、电流、电压回路隔离作业；5、CT升流作业
58,继电保护,定检,500kV断路器保护定检,低风险,50,车间级管控,1、失灵启动回路隔离；2、电流、电压回路隔离作业；3、CT升流作业
59,继电保护,定检,500kV线路并联电抗器、T区、短引线、断路器、站用变、串补、直流控制保护定检,低风险,50,车间级管控,1、失灵启动、联跳回路隔离；2、电流、电压回路隔离作业；3、CT升流作业
60,继电保护,定检,500kV高抗保护定检,低风险,50,车间级管控,1、失灵启动回路隔离；2、电流、电压回路隔离作业；3、CT升流作业
61,继电保护,定检,500kV母线保护定检或传动试验,低风险,50,车间级管控,1、失灵启动、跳闸回路隔离；2、电流、电压回路隔离作业
62,继电保护,定检,500kV发变组保护定检,低风险,50,车间级管控,1、失灵启动、联跳回路隔离；2、电流、电压回路隔离作业；3、CT升流作业
63,继电保护,定检,220kV发变组保护定检,低风险,50,车间级管控,1、失灵启动、联跳回路隔离；2、电流、电压回路隔离作业；3、CT升流作业
64,继电保护,定检,220kV主变保护定检,低风险,50,车间级管控,1、失灵启动、联跳回路隔离；2、电流、电压回路隔离作业；3、CT升流作业
65,继电保护,定检,220kV母线保护定检或传动试验,低风险,50,车间级管控,1、失灵启动、跳闸回路隔离；2、电流、电压回路隔离作业
66,继电保护,定检,220kV线路保护定检,低风险,50,车间级管控,1、收发信回路隔离；2、远跳回路隔离；3、失灵启动回路隔离；4、电流、电压回路隔离作业；5、CT升流作业
67,继电保护,定检,220kV断路器保护定检,低风险,50,车间级管控,1、失灵启动、跳闸回路隔离；2、电流、电压回路隔离作业
68,继电保护,定检,220kV线路T区、短引线保护定检,低风险,50,车间级管控,1、失灵启动、跳闸回路隔离；2、电流、电压回路隔离作业；3、CT升流作业
69,继电保护,定检,110kV线路保护定检,低风险,50,车间级管控,1、远跳回路隔离；2、电流、电压回路隔离作业；3、CT升流作业
70,继电保护,定检,110kV母联（分段）保护定检,低风险,50,车间级管控,1、电流、电压回路隔离作业；2、CT升流作业
71,继电保护,定检,110kV主变保护定检,低风险,50,车间级管控,1、联跳回路隔离；2、电流、电压回路隔离作业；3、CT升流作业
72,继电保护,定检,110kV母线保护定检或传动试验,低风险,50,车间级管控,1、跳闸回路隔离；2、电流、电压回路隔离作业
73,继电保护,巡视/维护,220kV及以上电压等级继电保护装置插件更换,低风险,50,车间级管控,1、失灵启动、联跳回路隔离；2、电流、电压回路隔离；3、远跳、跳合闸回路、互闭重回路隔离；
74,继电保护,巡视/维护,110kV及以下电压等级继电保护装置插件更换,可接受的风险,15,班组级管控,1、电流、电压回路隔离作业；2、远跳、跳合闸回路、相邻线启动回路隔离；
75,继电保护,巡视/维护,220kV及以上电压等级继电保护装置定值更改,低风险,50,车间级管控,失灵启动、远跳、跳合闸、互闭重回路隔离
76,继电保护,巡视/维护,110kV及以下电压等级继电保护装置定值更改,可接受的风险,5,班组级管控,/
77,继电保护,巡视/维护,220kV及以上电压等级继电保护装置软件版本升级,低风险,50,车间级管控,1、失灵启动、联跳回路隔离；2、电流、电压回路隔离作业；3、线路差动保护压板隔离；
78,继电保护,巡视/维护,110kV及以下电压等级继电保护装置软件版本升级,可接受的风险,5,班组级管控,/
79,继电保护,巡视/维护,220kV及以上设备涉及失灵、联跳回路的缺陷处理、隐患整改,中风险,100,厂级管控,1、运行的电流回路上作业；2、运行的失灵联跳或启动回路上的作业；3、运行的非电量开入回路或设备上的作业；4、线路断路器单侧停电，涉及差动保护试验的作业。
80,继电保护,巡视/维护,220kV及以上电压等级继电保护装置交流采样异常缺陷处理,低风险,50,车间级管控,1、失灵启动、联跳回路隔离；2、电流、电压回路隔离作业；3、远跳、跳合闸回路、互闭重回路隔离；
81,继电保护,巡视/维护,220kV及以上电压等级继电保护装置通道缺陷处理,低风险,30,车间级管控,/
82,继电保护,巡视/维护,220kV及以上保护相关设备控制回路断线及其他回路异常缺陷处理,低风险,30,车间级管控,/
83,继电保护,巡视/维护,故障录波装置电流、电压回路缺陷处理,低风险,50,车间级管控,电流、电压回路隔离作业。
84,继电保护,巡视/维护,行波测距装置电流回路缺陷处理,低风险,50,车间级管控,电流、电压回路隔离作业。
85,继电保护,巡视/维护,220kV及以上继电保护装置GOOSE或SV断链缺陷处理,低风险,50,车间级管控,1、SV接收压板隔离；2、智能终端出口压板隔离
86,继电保护,巡视/维护,110kV继电保护装置交流采样异常缺陷处理,可接受的风险,15,班组级管控,1、电流、电压回路隔离作业；2、远跳、跳合闸回路、相邻线启动回路隔离；
87,继电保护,巡视/维护,110kV继电保护装置通道缺陷处理,可接受的风险,5,班组级管控,/
88,继电保护,巡视/维护,110kV继电保护装置GOOSE或SV断链缺陷处理,可接受的风险,15,班组级管控,1、SV接收压板隔离；2、智能终端出口压板隔离
89,继电保护,巡视/维护,110kV保护相关设备控制回路断线及其他回路异常缺陷处理,可接受的风险,5,班组级管控,/
90,继电保护,巡视/维护,直流接地查找,可接受的风险,15,班组级管控,220kV及以上保护装置出口压板隔离
91,继电保护,巡视/维护,故障录波非电流回路及插件更换缺陷处理,可接受的风险,15,班组级管控,电流、电压回路隔离作业
92,继电保护,巡视/维护,行波测距非电流回路及插件更换缺陷处理,可接受的风险,15,班组级管控,电流、电压回路隔离作业
93,继电保护,巡视/维护,二次消谐器缺陷处理作业,可接受的风险,5,班组级管控,/
94,继电保护,巡视/维护,继电保护装置液晶面板故障缺陷处理,可接受的风险,5,班组级管控,/
95,继电保护,巡视/维护,不会引起运行设备跳闸或非计划停运的精益化检查问题整改,可接受的风险,5,班组级管控,/
96,继电保护,巡视/维护,继电保护设备专业巡视（特巡）,可接受的风险,5,班组级管控,/
97,继电保护,巡视/维护,全站N600一点接地测试,可接受的风险,5,班组级管控,/
98,继电保护,巡视/维护,保护动作后装置内部信息收集,可接受的风险,5,班组级管控,/
99,继电保护,巡视/维护,小电流接地选线装置维护、验收及传动试验,可接受的风险,5,班组级管控,/
100,继电保护,巡视/维护,保信主、子站安装、改造等维护消缺工作,可接受的风险,5,班组级管控,/
101,继电保护,巡视/维护,故障录波及网分、行波测距、保信等系统网络安全加固,可接受的风险,5,班组级管控,/
102,继电保护,巡视/维护,其它涉及二次的检验/维护/消缺/施工/验收作业非关键环节,可接受的风险,5,班组级管控,/
103,继电保护,巡视/维护,特维传动,可接受的风险,5,班组级管控,/
104,继电保护,巡视/维护,继电保护装置定值压板核查作业,可接受的风险,5,班组级管控,/
105,继电保护,巡视/维护,二次设备常规检查作业,可接受的风险,5,班组级管控,/
106,继电保护,巡视/维护,继电保护专业特殊巡维检查作业,可接受的风险,5,班组级管控,/
107,通信,电源系统设备安装、调试、定检、缺陷处理、负载调整,可能接触带电部位，造成短路、人身触电的电源系统作业,中风险,100,厂级管控,
108,通信,电源系统设备安装、调试、定检、缺陷处理、负载调整,在运电源设备上不停电更换交流接触器、空开及改接线工作,中风险,100,厂级管控,
109,通信,电源系统设备安装、调试、定检、缺陷处理、负载调整,电源系统设备安装（不带电）作业,可接受风险,10,班组级管控,
110,通信,电源系统设备安装、调试、定检、缺陷处理、负载调整,电源系统设备调试导致南网在运传输设备、调度数据网设备掉电的作业,低风险,50,车间级管控,
111,通信,电源系统设备安装、调试、定检、缺陷处理、负载调整,电源系统设备调试导致省网在运传输设备、调度数据网设备掉电的作业,低风险,50,车间级管控,
112,通信,电源系统设备安装、调试、定检、缺陷处理、负载调整,电源系统设备调试导致地区网在运传输设备、调度数据网设备掉电的作业,可接受风险,15,班组级管控,
113,通信,电源系统设备安装、调试、定检、缺陷处理、负载调整,电源系统设备调试导致南网、省网、地区网在运语音设备、地区综合数据网等设备掉电,可接受风险,15,班组级管控,
114,通信,电源系统设备安装、调试、定检、缺陷处理、负载调整,电源系统设备调试不影响在运设备运行,可接受风险,2,班组级管控,
115,通信,电源系统设备安装、调试、定检、缺陷处理、负载调整,定检中的外观检查、数据记录、卫生清理及新设备安装、调试中不影响业务的工作,可接受风险,2,班组级管控,
116,通信,电源系统设备安装、调试、定检、缺陷处理、负载调整,定检中的直流倒换、交流倒换,可接受风险,12.5,班组级管控,
117,通信,电源系统设备安装、调试、定检、缺陷处理、负载调整,电源设备整体更换或直流配电屏整体更换，导致220kV及以上生产实时控制业务中断,低风险,50,车间级管控,
118,通信,电源系统设备安装、调试、定检、缺陷处理、负载调整,电源设备整流模块、监控器、空开、单节蓄电池更换等部件更换，不影响负载运行,可接受风险,5,班组级管控,
119,通信,电源系统设备安装、调试、定检、缺陷处理、负载调整,电源设备负载调整、电源设备整体更换或直流配电屏整体更换导致220kV及以上生产实时控制业务中断,低风险,50,车间级管控,
120,通信,电源系统设备安装、调试、定检、缺陷处理、负载调整,电源设备负载调整、电源设备整体更换或直流配电屏整体更换导致110kV及以下生产实时控制业务中断,低风险,25,车间级管控,
121,通信,电源系统设备安装、调试、定检、缺陷处理、负载调整,电源设备负载调整、电源设备整体更换或直流配电屏整体更换不影响业务或导致非生产实时控制业务中断,可接受风险,10,班组级管控,
122,通信,通信蓄电池检修,涉及高空坠落、重物砸伤、触电、造成短路的蓄电池安装、调试、改造、定检、缺陷处理、充放电作业,低风险,50,车间级管控,
123,通信,通信蓄电池检修,蓄电池充放电可能导致220kV及以上生产实时控制业务中断,低风险,25,车间级管控,
124,通信,通信蓄电池检修,蓄电池充放电可能导致110kV及以下生产实时控制业务中断,可接受风险,15,班组级管控,
125,通信,通信蓄电池检修,蓄电池充放电不影响业务或导致非生产实时控制业务中断,可接受风险,5,班组级管控,
126,通信,厂站通信新设备安装、并网接入、改造、搬迁、退运及拆除,220kV及以上厂站通信设备新设备安装、并网接入、改造、搬迁、退运及拆除,可接受风险,12.5,班组级管控,
127,通信,厂站通信新设备安装、并网接入、改造、搬迁、退运及拆除,110kV及以下厂站通信设备新设备安装、并网接入、改造、搬迁、退运及拆除,可接受风险,15,班组级管控,
128,通信,厂站光缆敷设、熔接、改造、退缆,涉及登高、密闭空间作业的光缆改造,中风险,100,厂级管控,
129,通信,厂站光缆敷设、熔接、改造、退缆,厂站内在运行光缆的改造、割接,低风险,25,车间级管控,
130,通信,厂站光缆敷设、熔接、改造、退缆,厂站新建光缆的敷设、熔接及无承载业务光缆的退运,可接受风险,5,班组级管控,
131,通信,厂站新增和拆除网线、同轴电缆、64K音频电缆及成端设备,可能导致220kV及以上生产实时控制业务中断的新增和拆除网线、同轴电缆、64K音频电缆及成端设备,低风险,25,车间级管控,
132,通信,厂站新增和拆除网线、同轴电缆、64K音频电缆及成端设备,可能导致110kV及以下生产实时控制业务中断的新增和拆除网线、同轴电缆、64K音频电缆及成端设备,可接受风险,15,班组级管控,
133,通信,厂站新增和拆除网线、同轴电缆、64K音频电缆及成端设备,不影响业务或导致非生产实时控制业务中断的新增和拆除网线、同轴电缆、64K音频电缆及成端设备,可接受风险,2.5,班组级管控,
134,通信,业务端机柜内新增和拆除交流电源线、直流电源线,拆除带电交流电源线,低风险,50,车间级管控,
135,通信,业务端机柜内新增和拆除交流电源线、直流电源线,拆除带电直流电源线,低风险,50,车间级管控,
136,通信,业务端机柜内新增和拆除交流电源线、直流电源线,可能导致省网设备中断的新增或拆除交流、直流电源线,低风险,25,车间级管控,
137,通信,业务端机柜内新增和拆除交流电源线、直流电源线,可能导致地区网设备中断的新增或拆除交流、直流电源线,可接受风险,15,班组级管控,
138,通信,业务端机柜内新增和拆除交流电源线、直流电源线,不影响业务通道中断的新增或拆除交流、直流电源线,可接受风险,2.5,班组级管控,
139,通信,天线的拆除、调试、检修维护、缺陷处理工作,涉及登高作业的天线的拆除、调试、检修维护、缺陷处理工作,中风险,150,厂级管控,
140,通信,天线的拆除、调试、检修维护、缺陷处理工作,不涉及登高作业的天线的拆除、调试、检修维护、缺陷处理工作,可接受风险,1.25,班组级管控,
141,通信,传输设备维护,传输设备维护导致500kV生产实时控制业务通信通道中断,中风险,150,厂级管控,
142,通信,传输设备维护,传输设备维护导致220kV生产实时控制业务通信通道中断,低风险,25,车间级管控,
143,通信,传输设备维护,传输设备维护导致110kV及以下生产实时控制业务通信通道中断,低风险,30,车间级管控,
144,通信,传输设备维护,传输设备维护不影响业务通信通道中断,可接受风险,10,班组级管控,
145,通信,数据网设备维护,数据网设备维护导致500kV生产实时控制业务通信通道中断,低风险,25,车间级管控,
146,通信,数据网设备维护,数据网设备维护导致220kV生产实时控制业务通信通道中断,可接受风险,12.5,班组级管控,
147,通信,数据网设备维护,数据网设备维护导致110kV及以下生产实时控制业务通信通道中断,可接受风险,15,班组级管控,
148,通信,数据网设备维护,数据网设备维护不影响业务通信通道中断,可接受风险,5,班组级管控,
149,通信,PCM设备维护,PCM设备维护导致220kV及以上生产实时控制业务中断,可接受风险,12.5,班组级管控,
150,通信,PCM设备维护,PCM设备维护导致110kV及以下生产实时控制业务中断,可接受风险,12.5,班组级管控,
151,通信,PCM设备维护,PCM设备维护不影响业务通信通道中断,可接受风险,0.5,班组级管控,
152,通信,配线设备维护,配线设备维护导致500kV生产实时控制业务通信通道中断,中风险,150,厂级管控,
153,通信,配线设备维护,配线设备维护导致220kV生产实时控制业务通信通道中断,低风险,25,车间级管控,
154,通信,配线设备维护,配线设备维护导致110kV及以下生产实时控制业务通信通道中断,可接受风险,15,班组级管控,
155,通信,配线设备维护,配线设备维护不影响业务通信通道中断,可接受风险,5,班组级管控,
156,通信,电力载波设备检修维护,电力载波设备户外设备不停电检修维护,中风险,100,厂级管控,
157,通信,电力载波设备检修维护,电力载波设备户外设备停电检修维护,低风险,25,车间级管控,
158,通信,电力载波设备检修维护,电力载波设备室内设备检修维护,可接受风险,12.5,班组级管控,
159,通信,语音交换、录音设备,语音交换、录音设备维护,可接受风险,2.5,班组级管控,
160,通信,通信设备、安全测试与加固,通信传输网、数据网网络安全测试与加固,可接受风险,12.5,班组级管控,
161,通信,通信设备、安全测试与加固,其他通信网管设备安全测试与加固,可接受风险,7.5,班组级管控,
162,通信,厂站通信设备现场巡视,厂站通信设备现场巡视,可接受风险,5,班组级管控,
163,通信,站内光缆巡视,站内光缆巡视,可接受风险,5,班组级管控,
164,通信,线路光缆巡视,线路光缆巡视,可接受风险,15,班组级管控,
165,通信,管道光缆巡视,管道光缆巡视,可接受风险,12.5,班组级管控,
166,通信,光路/2M/64K/以太网业务通道调整、测试、故障处理、退运及清理,2M/64K/以太网业务通道新增、调整、测试、故障处理、退运及清理,可接受风险,5,班组级管控,
167,通信,光路/2M/64K/以太网业务通道调整、测试、故障处理、退运及清理,光路通道新增、调整、测试、故障处理、退运及清理导致南网光路中断,中风险,150,厂级管控,
168,通信,光路/2M/64K/以太网业务通道调整、测试、故障处理、退运及清理,光路新增、调整、测试、故障处理、退运及清理导致省网网光路中断,低风险,50,车间级管控,
169,通信,光路/2M/64K/以太网业务通道调整、测试、故障处理、退运及清理,光路新增、调整、测试、故障处理、退运及清理导致地区网光路中断,低风险,30,车间级管控,
170,通信,传输设备、PCM设备、数据网设备、语音交换、录音设备、配线设备定检,传输设备、PCM设备、数据网设备、语音交换、录音设备、配线设备定检,可接受风险,5,班组级管控,
171,通信,空余纤芯定检,空余纤芯定检误碰在运光路导致南网光路中断,低风险,50,车间级管控,
172,通信,空余纤芯定检,空余纤芯定检误碰在运光路导致省网光路中断,低风险,25,车间级管控,
173,通信,空余纤芯定检,空余纤芯定检误碰在运光路导致地区网光路中断,可接受风险,15,班组级管控,
174,通信,厂站通信设备验收,厂站通信设备验收,可接受风险,5,班组级管控,
175,通信,站内通信光缆验收,通信光缆验收,可接受风险,15,班组级管控,
176,通信,线路通信光缆验收,线路通信光缆验收,可接受风险,15,班组级管控,
177,通信,管道通信光缆验收,管道通信光缆验收,可接受风险,12.5,班组级管控,
178,自动化,改造/验收,不涉及运行设备的自动化设备或退运设备拆除,可接受的风险,5,班组级管控,
179,自动化,改造/验收,不涉及运行设备的二次电缆敷设,可接受的风险,5,班组级管控,
180,自动化,改造/验收,不涉及运行设备的自动化屏柜安装、搬运等,可接受的风险,5,班组级管控,
181,自动化,改造/验收,500kV线路（电抗）、发变组、主变、母联、母线自动化改扩建及验收,中风险,75,厂级管控,开关、刀闸、二次设备软压板遥控
182,自动化,改造/验收,220kV线路、发变组、主变、母联、母线自动化改扩建及验收,中风险,75,厂级管控,开关、刀闸、二次设备软压板遥控
183,自动化,改造/验收,110kV线路、发变组、主变、母联、母线自动化改扩建及验收,低风险,25,车间级管控,开关、刀闸、二次设备软压板遥控
184,自动化,改造/验收,AGC/AVC系统改扩建及验收,低风险,25,车间级管控,开关、刀闸、二次设备软压板遥控
185,自动化,改造/验收,新建厂站自动化设备（UPS除外）验收,可接受的风险,5,班组级管控,
186,自动化,改造/验收,220kV及以上厂站交流不间断电源施工/调试/验收,中风险,75,厂级管控,运行的UPS带电拆、接线、带负荷做切换试验
187,自动化,改造/验收,厂站时间同步系统施工/调试/验收（涉及数字采样的智能厂站）,中风险,75,厂级管控,运行的二次设备时间对时作业
188,自动化,改造/验收,同步相量测量装置施工/调试/验收（涉及运行中设备与回路）,中风险,75,厂级管控,运行的电流回路上作业
189,自动化,定检,220kV及以上厂站交流不间断电源定检,中风险,75,厂级管控,运行的UPS带电拆、接线、带负荷做切换试验
190,自动化,定检,厂站时间同步系统定检（涉及数字采样的智能厂站）,中风险,75,厂级管控,运行的时间同步系统时间对时作业
191,自动化,定检,500kV厂站测控、远动装置、PMU、交换机、监控后台、500kV电压等级测控定检定检,低风险,25,车间级管控,
192,自动化,定检,220kV厂站远动装置、PMU、AGC/AVC、交换机、监控后台、220kV电压等级测控定检,低风险,25,车间级管控,
193,自动化,定检,110kV厂站测控、远动装置、交换机、监控后台定检,可接受的风险,15,班组级管控,
194,自动化,巡视/维护,所有电压等级厂站站自动化设备（含监控系统，远动装置，网络设备，测控设备、变送器等数据采集设备及相关二次回路）、AGC/AVC、同步相量测量设备、时间同步系统、交流不间断电源等设备及相关辅助设施。）专业巡视、压板检查。,可接受的风险,5,班组级管控,
195,自动化,巡视/维护,500kV厂站远动装置维护/消缺（涉及重启、双机切换、控制功能退出闭环运行）,中风险,75,厂级管控,运行的远动装置重启
196,自动化,巡视/维护,500kV厂站后台监控系统升级、加固,中风险,75,厂级管控,运行中的后台监控机涉及重启、双机切换
197,自动化,巡视/维护,"在运厂站监控系统接入调度主站进行远动控制类功能联通
（涉及一次设备不停电，测量出口压板的遥控工作）",中风险,75,厂级管控,运行的一次设备遥控测量出口压板
198,自动化,巡视/维护,220kV及以上厂站交流不间断电源维护/消缺,中风险,75,厂级管控,运行的UPS带电拆、接线
199,自动化,巡视/维护,220kV厂站远动装置维护/消缺（涉及重启、双机切换、控制功能退出闭环 运行）,低风险,25,车间级管控,
200,自动化,巡视/维护,所有电压等级厂站自动化系统其它作业,可接受的风险,15,班组级管控,
201,安自,巡视/维护,厂站安自设备专业巡视、维护,可接受的风险,15,班组级管控,/
202,安自,巡视/维护,厂站安自设备压板检查,可接受的风险,15,班组级管控,/
203,安自,巡视/维护,厂站安自设备定值更改,可接受的风险,15,班组级管控,/
204,安自,巡视/维护,厂站安自设备异常、缺陷处理作业,可接受的风险,15,班组级管控,/
205,安自,定检/验收,500kV安自设备（失步解列、稳控装置、孤岛装置等）定检,中风险,90,厂级管控,1、误发命令，导致出口切机或切负荷；2、涉及运行间隔出口压板、回路隔离；3、电流、电压回路隔离作业。
206,安自,定检/验收,220kV安自设备（失步解列、稳控装置、孤岛装置、备自投装置、故障解列装置等）定检,中风险,90,厂级管控,1、误发命令，导致出口切机或切负荷；2、涉及运行间隔出口压板、回路隔离；3、电流、电压回路隔离作业。
207,安自,定检/验收,110kV安自设备（失步解列、稳控装置、孤岛装置、备自投装置、故障解列装置、低频低压减载装置等）定检,低风险,30,车间级管控,1、误发命令，导致出口切机或切负荷；2、涉及运行间隔出口压板、回路隔离；3、电流、电压回路隔离作业。
208,安自,施工/验收,500kV安自设备（失步解列、稳控装置、孤岛装置）安装更换及联调,中风险,90,厂级管控,1、误发命令，导致出口切机或切负荷；2、涉及运行间隔出口压板、回路隔离；3、电流、电压回路隔离作业。
209,安自,施工/验收,220kV安自设备（失步解列、稳控装置、孤岛装置、备自投装置、故障解列装置等）安装更换及联调,中风险,90,厂级管控,1、误发命令，导致出口切机或切负荷；2、涉及运行间隔出口压板、回路隔离；3、电流、电压回路隔离作业。
210,安自,施工/验收,110kV安自设备（失步解列、稳控装置、孤岛装置、备自投装置、故障解列装置、低频低压减载装置等）安装更换及联调,低风险,30,车间级管控,1、误发命令，导致出口切机或切负荷；2、涉及运行间隔出口压板、回路隔离；3、电流、电压回路隔离作业。
211,励磁,巡视/维护,电厂励磁系统设备专业巡视、维护,可接受的风险,15,班组级管控,/
212,励磁,巡视/维护,电厂励磁系统设备定值更改,可接受的风险,15,班组级管控,/
213,励磁,巡视/维护,电厂励磁系统设备异常、缺陷处理作业,可接受的风险,15,班组级管控,/
214,励磁,定检/验收,电厂励磁系统设备定检,低风险,30,车间级管控,1、误发命令，导致出口切机或切负荷；2、电流、电压回路隔离作业。
215,励磁,施工/验收,电厂励磁系统安装更换及联调,中风险,90,厂级管控,1、误发命令，导致出口切机或切负荷；2、电流、电压回路隔离作业。
216,调速器,巡视/维护,电厂调速器系统设备专业巡视、维护,可接受的风险,15,班组级管控,/
217,调速器,巡视/维护,电厂调速器系统设备定值更改,可接受的风险,15,班组级管控,/
218,调速器,巡视/维护,电厂调速器系统设备异常、缺陷处理作业,可接受的风险,15,班组级管控,/
219,调速器,定检/验收,电厂调速器系统设备定检,低风险,30,车间级管控,1、误发命令，导致出口切机或切负荷；2、电流、电压回路隔离作业。
220,调速器,施工/验收,电厂调速器系统安装更换及联调,中风险,90,厂级管控,1、误发命令，导致出口切机或切负荷；2、电流、电压回路隔离作业。
